{
  "epoch": [
    1,
    2,
    3
  ],
  "train_loss": [
    0.1887879869776897,
    0.09213106153030416,
    0.08238791570767169
  ],
  "val_auc": [
    0.8736562652477818,
    0.9124709616389081,
    0.9170697066177872
  ]
}